{"cameraMode":{"drawMode":0,"name":"Shaded","section":"Shading Mode"},"sceneLighting":true,"audioPlay":false,"sceneViewState":{"m_AlwaysRefresh":false,"showFog":true,"showSkybox":true,"showFlares":true,"showImageEffects":true,"showParticleSystems":true,"showVisualEffectGraphs":true,"m_FxEnabled":true},"in2DMode":false,"pivot":{"x":-32.934295654296878,"y":-1.5023293495178223,"z":9.787259101867676},"rotation":{"x":0.061533328145742419,"y":-0.5096662640571594,"z":0.039911020547151569,"w":0.8596920371055603},"size":10.845938682556153,"orthographic":false}